Mouse.ID,strain,time,CLiv,CKid,CLivTCA,CKidTCA,CPlasTCA,CBldTCVG,CLivTCVG,CKidTCVG,CBldTCVC,CLivTCVC,CKidTCVC,CBldNAT,CLivNAT,CKidNAT
jac_CC-001,CC021/Unc,1,80.17895658,92.24185391,34.90225802,34.23118356,93.80369111,0.007080503,0.069494877,0.01663401,0.004946,0.003152425,0.044326491,0.030576981,0.051107166,0.011634101
jac_CC-002,CC021/Unc,2,44.50042719,98.59445443,69.35070402,40.71854727,241.0744369,0.004377302,0.036466228,0.025241453,0.010046759,0.005047262,0.053778238,0.034811263,0.064873911,0.027567518
jac_CC-003,CC021/Unc,4,59.1266426,21.17506863,94.71960224,51.16732925,287.5228825,0.001185095,0.010234713,0.005332903,0.003458879,0.000883932,0.015143023,0.008184633,0.022484045,0.006651487
jac_CC-004,CC021/Unc,12,4.053668305,4.600675121,75.66582481,60.07312135,308.5488918,0.000559927,0.003513296,0.002342572,4.57E-05,0.001628421,0.002608569,0.000453461,0.003573934,0.003241647
jac_CC-005,CC021/Unc,24,0.000016583,0.975419651,57.1049698,26.57562779,121.1567551,,,,,,,,,
jac_CC-007,CC015/Unc,1,94.83798589,97.81653688,36.40314164,17.96834929,77.1628782,0.004070379,0.075036,0.063786656,0.005918361,0.001486829,0.028957773,0.013809411,0.045913875,0.017251847
jac_CC-008,CC015/Unc,2,68.81710556,90.936384,53.17868224,34.29600853,126.2708868,0.003586888,0.048537288,0.063071074,0.005482559,0.00117612,0.027753084,0.012871773,0.038053883,0.017687932
jac_CC-009,CC015/Unc,4,57.72944109,83.06897922,105.1051607,150.1327534,210.3219234,0.002346041,0.024266116,0.041721458,0.002527016,0.001106023,0.01946293,0.009421638,0.028736097,0.015396097
jac_CC-010,CC015/Unc,12,26.4117492,4.801367601,107.7739358,74.8432501,,0.000742984,0.005062283,0.006031404,0.000305809,0.000777502,0.003704521,0.000886496,0.00269433,0.004399681
jac_CC-011,CC015/Unc,24,2.479985207,0.086296833,93.6580717,53.67586625,287.1039293,,,,,,,,,
jac_CC-013,CC035/Unc,1,102.3307601,222.4820654,42.87604965,24.12116482,123.1810485,0.009625826,0.278863769,0.034468563,0.015483862,0.00394505,0.036687422,0.040721175,0.092841668,0.014770691
jac_CC-015,CC035/Unc,4,107.8870015,67.52694913,93.09856194,60.82189535,219.6971558,0.002665674,0.091118875,0.015624501,0.009307639,0.00204745,0.016927749,0.015224953,0.023963136,0.010153862
jac_CC-017,CC035/Unc,24,0.480993822,0.158483669,29.34816549,1.613352835,90.018665,,,,,,,,,
jac_CC-019,CC008/GeniUnc,1,,80.06043854,37.52677707,22.96520281,85.62962992,0.004264428,0.036964703,0.008517247,0.001737156,0.000945538,0.022039309,0.011597437,0.01957802,0.009553163
jac_CC-020,CC008/GeniUnc,2,77.1480983,110.0547881,60.27454666,31.89604692,180.1485657,0.003201985,0.026259798,0.013895011,0.002274321,0.000874902,0.032500836,0.008370986,0.018461377,0.018090845
jac_CC-021,CC008/GeniUnc,4,76.36108899,79.62769661,,45.7762316,251.794491,0.002462586,0.010274031,0.010011584,0.001629781,0.000981061,0.029832497,0.007112656,0.020996806,0.01732607
jac_CC-022,CC008/GeniUnc,12,16.36478526,4.477457547,111.7394897,55.41367999,344.2164537,0.000668976,0.003254148,0.002380298,0.000219822,0.000805629,0.010640609,2.38E-05,0.001297196,0.003139289
jac_CC-023,CC008/GeniUnc,24,10.58214077,3.682289755,,49.76513004,165.446021,,,,,,,,,
jac_CC-025,CC032/GeniUnc,1,131.6641192,141.8336853,45.45810569,31.23998441,107.5457232,0.005598437,0.092675374,0.02573053,0.008306633,0.001332814,0.023170943,0.016036813,0.028976231,0.016130805
jac_CC-026,CC032/GeniUnc,2,107.7261399,90.335957,69.10458424,40.23053743,207.5933197,0.002436367,0.024234848,0.014483828,0.004048268,0.000947425,0.013216626,0.008626563,0.011548819,0.007430159
jac_CC-027,CC032/GeniUnc,4,,86.01213798,88.54533145,35.06126012,240.5872872,0.003212843,0.050560925,0.018743559,0.005325348,0.001125131,0.017260873,0.011946611,0.01547343,0.01039599
jac_CC-028,CC032/GeniUnc,12,,30.28310072,133.5722704,92.53181446,287.6013681,0.002027209,0.024019509,0.008222707,0.002723317,0.000947342,0.007469341,0.008490845,0.009909221,0.007537424
jac_CC-029,CC032/GeniUnc,24,11.56484597,2.488997309,109.2614403,40.37014835,374.4105282,,,,,,,,,
jac_CC-031,CC024/GeniUnc,1,53.19617409,31.97283564,35.57850577,12.66332949,82.47229874,0.001808538,0.013560145,0.0054026,0.002986124,0.000965038,0.007866657,0.007411059,0.017431985,0.004615438
jac_CC-032,CC024/GeniUnc,2,66.84831395,63.48525299,53.74219897,12.0662311,175.2971768,0.003628417,0.030803449,0.010247855,0.005773284,0.001293675,0.014828862,0.015432861,0.037747543,0.007155731
jac_CC-033,CC024/GeniUnc,4,35.78547706,35.87253529,86.0594274,32.23680871,154.0003821,0.001167951,0.011993788,0.004397952,0.004161524,0.00089796,0.009980709,0.006774534,0.011808733,0.006458069
jac_CC-034,CC024/GeniUnc,12,51.60156302,36.99652778,91.70192031,44.41124291,383.200562,0.002881997,0.03058317,0.006211008,0.003600077,0.001073933,0.00744592,0.008688683,0.013672955,0.003989492
jac_CC-035,CC024/GeniUnc,24,16.61292346,6.795578582,95.19462924,72.16386008,341.9233947,,,,,,,,,
jac_CC-037,CC012/GeniUnc,1,93.5646687,123.5978218,43.67789521,11.95824115,65.74030102,0.003355579,0.066768017,0.054971574,0.017647743,0.001436208,0.049888751,0.024699098,0.053511508,0.025116639
jac_CC-038,CC012/GeniUnc,2,57.96790906,52.10647202,57.89140783,14.70541591,120.7919629,0.003014321,0.081242547,0.038607686,0.014408584,0.001551708,0.040120867,0.032824385,0.063485114,0.031058673
jac_CC-039,CC012/GeniUnc,4,,34.94531317,84.98953872,39.00253681,187.8978276,0.001885952,0.02936811,0.027655376,0.00586682,0.00103257,0.021105881,0.01347408,0.023898157,0.014952851
jac_CC-040,CC012/GeniUnc,12,40.06144419,12.26493784,,51.64021877,,0.000861524,0.005743302,0.008588188,0.001586638,0.000805286,0.010864188,0.002274526,0.008501807,0.007360483
jac_CC-041,CC012/GeniUnc,24,17.97099267,2.067948025,117.4654092,85.64693577,287.6149649,,,,,,,,,
jac_CC-043,CC028/GeniUnc,1,82.42321752,58.18984832,37.37695882,20.30763551,81.92365775,0.003818366,0.028502717,0.014470717,0.005684132,0.00110963,0.020439751,0.016910005,0.025248782,0.008032213
jac_CC-044,CC028/GeniUnc,2,47.58030626,46.9996245,65.54592948,21.34835678,130.4054252,0.001846913,0.018650436,0.009861079,0.003096563,0.001122226,0.017248668,0.011705788,0.02909175,0.014046175
jac_CC-045,CC028/GeniUnc,4,73.4399042,44.98403087,136.4228223,62.06515103,273.4429408,0.001820104,0.018850887,0.010499569,0.002713908,0.001228908,0.012122721,0.007221716,0.020934722,0.006507816
jac_CC-046,CC028/GeniUnc,12,47.39448237,26.17763328,204.4941424,88.17200974,397.1230833,0.001555476,0.021894217,0.005673232,0.001331585,0.000903474,0.008036801,0.004336892,0.010712995,0.003950958
jac_CC-047,CC028/GeniUnc,24,74.11059401,38.10453666,259.6866695,129.2479485,535.5347846,,,,,,,,,
jac_CC-049,CC033/GeniUnc,1,62.62045837,51.59362937,20.58587246,15.45123733,,0.004007517,0.150446027,0.005131857,0.01100647,0.002336649,0.020204696,0.018718548,0.033202487,0.007643777
jac_CC-050,CC033/GeniUnc,2,56.78790502,181.1111108,54.89758328,33.46219565,143.9123421,0.003984263,0.057759194,0.005502673,0.008766726,0.002117557,0.024653516,0.016882529,0.036036906,0.0061917
jac_CC-051,CC033/GeniUnc,4,85.40794606,56.8369495,85.29660151,59.97283057,190.2718941,0.004753269,0.12321188,0.008380694,0.00992887,0.002178661,0.014011836,0.015505948,0.025522915,0.00710768
jac_CC-052,CC033/GeniUnc,12,50.31115404,24.90712849,61.25896467,51.19771806,132.8828502,0.001725812,0.026175405,0.003999773,0.002760772,0.001135653,0.005500569,0.005652599,0.004909759,0.003585613
jac_CC-053,CC033/GeniUnc,24,3.7063005,0.650891816,41.4835455,51.56418807,106.691371,,,,,,,,,
jac_CC-055,CC045/GeniUnc,1,51.38677594,70.56906392,44.54023489,32.58584895,104.6663088,0.002897915,0.050998587,0.045601961,0.007603744,0.00143802,0.031878647,0.017923849,0.055772608,0.024932152
jac_CC-056,CC045/GeniUnc,2,65.5671315,105.8984205,59.83879499,36.95675732,160.4142624,0.004038998,0.041253011,0.067741682,0.00948515,0.001505508,0.051922849,0.022563915,0.057898831,0.034211191
jac_CC-057,CC045/GeniUnc,4,62.18347477,89.57706366,114.6291195,100.6604116,210.7812643,0.003108507,0.027970962,0.032962514,0.004003449,0.001340587,0.033379254,0.011785209,0.033759025,0.02009681
jac_CC-058,CC045/GeniUnc,12,46.6261491,26.96774749,101.984445,71.47053384,227.9514108,0.001127444,0.010409465,0.010444533,0.001389963,0.000901622,0.012892849,0.002590065,0.007281983,0.00512893
jac_CC-059,CC045/GeniUnc,24,82.25348946,22.17213503,112.4962027,66.69214784,209.3177723,,0.006539712,,,0.000909521,,,0.006641249,
jac_CC-061,CC058/Unc,1,109.6386742,46.76045822,42.05135537,18.73100981,87.84702879,0.003756206,0.043930835,0.029000133,0.004425268,0.001258913,0.030917481,0.018156541,0.044383449,0.01104265
jac_CC-062,CC058/Unc,2,42.06682437,39.30135119,54.31574323,42.68929999,123.8743341,0.001934634,0.020352592,0.024160841,0.003255299,0.000926832,0.020118754,0.013134254,0.020118057,0.005277015
jac_CC-063,CC058/Unc,4,26.2445847,14.02652923,137.5258532,19.21253285,203.145355,0.001005107,0.008614675,0.003277017,0.000650964,0.000917269,0.010234428,0.002121505,0.005211985,0.001690257
jac_CC-064,CC058/Unc,12,0.535332164,5.611100119,138.5264616,50.20693817,,0.00039271,0.00289585,0.001783024,0.000140808,0.000743131,0.00252044,0.000110307,0,0.000379608
jac_CC-065,CC058/Unc,24,0.000016583,0.173360324,55.68961623,25.96496161,93.44022593,,0.001346087,,,5.63E-06,,,0.000762131,
jac_CC-067,CC030/GeniUnc,1,,111.0107461,58.36378045,29.39848509,59.20902031,0.005717997,0.058945007,0.009442141,0.006444209,0.001111228,0.044346486,0.012121522,0.036099891,0.007143381
jac_CC-068,CC030/GeniUnc,2,,99.53319804,85.90950024,31.4327348,109.8438574,0.004483772,0.062632239,0.007258275,0.00310166,0.001072772,0.030836503,0.012268926,0.023769773,0.006186127
jac_CC-069,CC030/GeniUnc,4,,49.79028716,147.3495793,8.685927085,167.6041487,0.003184497,0.083586894,0.00314391,0.002575466,0.001144697,0.020203194,0.014173905,0.031911654,0.003906962
jac_CC-070,CC030/GeniUnc,12,20.77932866,6.483456662,65.81517624,,236.3825926,0.0006399,0.005866974,0.002281704,0.000270192,0.000787082,0.005401111,0.001052127,0.002570968,0.002595219
jac_CC-071,CC030/GeniUnc,24,,0.54723973,52.04937188,27.9552367,94.46425597,,0.001323455,,,8.26E-05,,,0.000804431,
jac_CC-073,CC022/GeniUnc,1,91.63934202,108.3051375,70.9855523,38.62268015,81.62571552,0.006207637,0.081493607,0.012572765,0.011189729,0.002070543,0.10869447,0.057652547,0.090345758,0.039027001
jac_CC-074,CC022/GeniUnc,2,,74.17040802,90.88054267,24.94223203,147.9421842,0.004339535,0.05908273,0.01053524,0.005479615,0.001636859,0.084674766,0.021088085,0.047855601,0.027278524
jac_CC-075,CC022/GeniUnc,4,49.36735781,22.74448466,188.2294463,47.19676417,220.0547411,0.001861194,0.011401456,0.007515221,0.003260526,0.001086816,0.034092633,0.015777336,0.024286039,0.011669485
jac_CC-076,CC022/GeniUnc,12,9.233199487,4.296069144,149.9743894,28.76932127,,0.00054609,0.004154873,0.002689425,0.000126936,0.000770222,0.005511563,0.000764554,0.007185998,0.004534753
jac_CC-077,CC022/GeniUnc,24,0.346738608,0.330999787,165.2432752,42.52048524,116.5489198,,0.001434152,,,4.71E-05,,,0.000576132,
jac_CC-079,CC044/Unc,1,,58.42989606,17.71556879,23.51108134,88.30849742,0.003248608,0.029101751,0.007531072,0.007243167,0.000519083,0.032907066,0.017590798,0.044635594,0.009806084
jac_CC-080,CC044/Unc,24,0.000016583,0.431215263,55.45358285,13.14337954,60.1073822,,0.001298739,,,6.83E-05,,,0.001177153,
jac_CC-082,CC029/Unc,1,78.83055003,64.51942248,39.79586864,18.10135601,,,0.045424659,0.004454168,,0.000437259,0.019982811,,0.053978156,0.01785872
jac_CC-083,CC029/Unc,24,1.260187279,0.473441937,42.13017563,29.10608068,76.78572665,,0.001782649,,,6.32E-05,,,0.001409487,
jac_CC-085,CC043/GeniUnc,1,,160.1273788,76.64180746,31.85474419,120.9091662,0.019936602,0.191737633,0.031762838,0.005299444,0.000640512,0.061991205,0.050901057,0.113946265,0.043007634
jac_CC-086,CC043/GeniUnc,24,0.149056918,0.026403234,18.32415539,26.26181146,31.56352457,,0.002741221,,,7.77E-05,,,0.002619402,
jac_CC-088,CC023/GeniUnc,1,116.2295405,186.6970683,61.63345168,22.95653593,106.4323215,0.018597662,0.336950578,0.023618896,0.02703682,0.002179122,0.120291582,0.091368547,0.179320153,0.037135327
jac_CC-089,CC023/GeniUnc,2,97.99691773,94.27881315,63.68709098,32.65883234,160.079145,0.016061285,0.506481837,0.012528117,0.027266768,0.002916484,0.122570137,0.132814935,0.175983917,0.054396707
jac_CC-090,CC023/GeniUnc,4,113.5375063,115.4850392,126.4309808,43.51591827,203.4990372,0.010737054,0.258238626,0.010300402,0.013344686,0.001775933,0.086289788,0.059148783,0.076857766,0.039902684
jac_CC-091,CC023/GeniUnc,12,35.70572414,15.46487129,220.8121315,87.24009941,299.9361628,0.001641267,0.024687119,0.003564711,0.001545453,0.000991004,0.015103728,0.006284794,0.011169442,0.008535795
jac_CC-092,CC023/GeniUnc,24,72.44558258,29.06952624,125.3126878,56.31920897,185.2473453,,0.072937954,,,0.000312717,,,0.023402452,
jac_CC-094,CC003/Unc,1,105.3122357,183.3565546,31.06819646,21.09640163,69.52785873,0.01218323,0.226128092,0.02109937,0.010793521,0.00202072,0.106313771,0.047638887,0.111911011,0.068471948
jac_CC-095,CC003/Unc,2,40.47039173,155.5975205,97.07597753,34.63848628,92.61081108,0.006598106,0.115730424,0.010881416,0.010699953,0.001827176,0.071146749,0.053379318,0.110317414,0.035856058
jac_CC-096,CC003/Unc,4,90.71122073,119.4384586,104.5033927,54.19645243,152.4274913,0.006346262,0.084623646,0.010193089,0.005871198,0.00293065,0.04618749,0.042084119,0.131777435,0.024657121
jac_CC-097,CC003/Unc,12,41.07598138,14.06146364,183.3594123,42.57842078,337.5420394,0.001027975,0.011906235,0.003948637,0.000624197,0.000849566,0.008858002,0.00177275,0.005361343,0.006301978
jac_CC-098,CC003/Unc,24,1.765330131,0.457855701,78.08204605,8.035403606,150.9158285,,0.001674053,,,2.25E-05,,,0.002539273,
jac_CC-100,CC002/Unc,1,99.65716797,49.47268527,35.19870283,10.73147325,82.99405929,0.003822552,0.034297855,0.008910653,0.005484035,0.000218451,0.034785716,0.012995166,0.020491019,0.030189221
jac_CC-101,CC002/Unc,2,93.27742585,64.79469269,59.89049724,14.82464277,76.14294913,0.003167235,0.032155388,0.00959003,0.004672533,0.000324208,0.023654431,0.012352055,0.022410527,0.013876837
jac_CC-102,CC002/Unc,4,,42.91371943,94.12542641,,105.0776582,0.001716063,0.015562642,0.085734586,0.004126844,0.000206251,0.000947441,0.00747904,0.013683027,0.042588705
jac_CC-103,CC002/Unc,12,,13.56490292,128.2181301,,284.0323389,0.00157949,0.008947341,0.003342112,0.001942171,0.000192508,0.012407133,0.003998494,0.007114334,0.007937921
jac_CC-104,CC002/Unc,24,,5.013697959,155.4530022,59.78596253,245.056359,,0.005223844,,,0.000122871,,,0.004109201,
jac_CC-106,CC007/Unc,1,,83.75287209,41.2561802,,59.55529881,0.004566005,0.035691652,0.009703148,0.006891363,0.000878813,0.033544151,0.020072454,0.066746968,0.006221999
jac_CC-107,CC007/Unc,2,61.59529145,141.6775643,36.2716647,8.669971782,90.51156969,0.00318606,0.025748482,0.00782287,0.004597926,0.000485034,0.02933289,0.013030652,0.036408588,0.003646466
jac_CC-108,CC007/Unc,4,41.21161238,45.45364319,64.71641444,56.63836301,143.7717984,0.003003248,0.029577532,0.00893322,0.003778743,0.000752097,0.014524783,0.011087003,0.039253461,0.003956229
jac_CC-109,CC007/Unc,12,33.17244233,39.11750672,139.0177609,44.04250892,92.36005071,0.001600987,0.015781567,0.00771141,0.001940216,0.000244786,0.015691167,0.00588516,0.011744123,0.003459411
jac_CC-110,CC007/Unc,24,30.73344616,19.90291853,165.2926756,0,282.8006094,,0.00942104,,,0.000186861,,,0.006280553,
jac_CC-112,CC059/TauUnc,1,70.88443369,146.0229159,52.71210951,34.22092565,113.7211579,0.005238599,0.044033675,0.029857968,0.015855958,0.000556758,0.093941135,0.028199556,0.052795615,0.015405841
jac_CC-114,CC059/TauUnc,4,60.25482871,154.4909208,77.36893959,32.39176256,132.3437841,0.00323675,0.030866719,0.019626223,0.007868775,0.000605286,0.058885619,0.014279946,0.041106659,0.007643032
jac_CC-115,CC059/TauUnc,12,41.38439927,38.10854552,114.5514565,168.6049577,360.9138288,0.001659249,0.012780336,0.008632602,0.003579667,0.000245909,0.026179013,0.009202845,0.020772044,0.00514783
jac_CC-118,CC037/TauUnc,1,49.57866402,78.50849586,26.61783835,20.52966407,113.6991965,0.005639023,0.049563448,0.01539037,0.002055537,0.00050017,0.03601197,0.00874688,0.044270869,0.015862609
jac_CC-119,CC037/TauUnc,2,71.29874675,288.461189,49.92852732,15.42354939,87.47924044,0.009515253,0.169659595,0.02403299,0.018273111,0.000838412,0.08246133,0.039992163,0.090364794,0.020327507
jac_CC-120,CC037/TauUnc,4,38.1980874,81.93340853,65.07846604,34.20858906,129.0759971,0.003038824,0.031208355,0.007082772,0.00506407,0.000398644,0.021609365,0.012541905,0.033189338,0.008625727
jac_CC-121,CC037/TauUnc,12,24.17850164,10.95930155,110.352951,87.61615714,305.7097964,0.001127037,0.008131034,0.004147543,0.001246883,0.000178354,0.00745583,0.003598917,0.010743497,0.002874121
jac_CC-122,CC037/TauUnc,24,3.93033183,1.152295672,42.69006472,,165.9150427,,0.003359714,,,0.000371575,,,0.002176431,
jac_CC-124,CC051/TauUnc,1,56.74638387,77.92465514,22.8145726,6.180321722,99.46645642,0.007212039,0.051072727,0.018865249,0.004373669,0.000446028,0.03346383,0.015332213,0.03853394,0.007366001
jac_CC-125,CC051/TauUnc,2,50.62580996,88.51252746,36.9962185,33.77126603,370.184602,0.005061841,0.064922014,0.022995615,0.011174953,0.000654265,0.040623364,0.022874766,0.052762274,0.004407031
jac_CC-126,CC051/TauUnc,4,33.71781261,27.30141959,58.64803577,29.77747336,287.0764591,0.003596885,0.014327575,0.008235453,0.009054022,0.000297632,0.018243704,0.039045578,0.01567299,0.002787975
jac_CC-127,CC051/TauUnc,12,16.09209526,7.866048097,70.7872363,34.15017149,,0.000996732,0.006576582,0.003729396,0.000770442,9.61E-05,0.005370559,0.001791962,0.005450663,0.001608401
jac_CC-128,CC051/TauUnc,24,32.64413368,4.544417421,75.55134416,61.56332153,280.8365154,,0.002769898,,,0.000140856,,,0.004057195,
jac_CC-130,CC004/TauUnc,1,74.27731516,182.8955499,25.45284107,11.80832126,130.4823721,0.014009788,0.152034293,0.032461,0.008999688,0.001059919,0.096189453,0.055010435,0.08736447,0.028323197
jac_CC-131,CC004/TauUnc,2,41.63152399,69.41371624,39.38968697,18.27916741,141.3259125,0.003647718,0.05458722,0.01707758,0.009711406,0.000884394,0.053529702,0.021557853,0.053839568,0.012530628
jac_CC-132,CC004/TauUnc,4,42.91283421,56.5864217,39.91756764,59.72204769,261.9294529,0.001679706,0.0246341,0.00985341,0.003297405,0.000490857,0.028568752,0.00731998,0.021898474,0.006867368
jac_CC-133,CC004/TauUnc,12,49.94753414,28.52199708,93.34071131,52.32028737,,0.001408182,0.018112848,0.010438947,0.002745391,0.000359394,0.024240171,0.007699055,0.01386325,0.007359728
jac_CC-134,CC004/TauUnc,24,38.26977284,33.34664347,82.60374255,61.78931416,141.1542228,,0.013359264,,,0.000247322,,,0.009580567,
jac_CC-136,CC042/GeniUnc,1,54.15780119,72.95741813,32.77445442,34.07670496,,0.004442214,0.097092987,0.024350937,0.006192228,0.000598549,0.054468118,0.018347922,0.05291657,0.016983822
jac_CC-137,CC042/GeniUnc,24,8.344173703,4.727457075,32.98388519,20.90844317,104.4863924,,0.008474867,,,0.000131479,,,0.005531065,
jac_CC-139,CC006/TauUnc,1,47.30555161,76.80184591,19.24996144,13.43793487,115.9930864,0.005470236,0.100330818,0.023983037,0.009718858,0.000509082,0.057250393,0.033708496,0.059329602,0.015064967
jac_CC-140,CC006/TauUnc,24,2.698643675,3.719641894,37.2305034,18.51513086,125.0021638,,0.003746817,,,8.46E-05,,,0.004067595,
jac_CC-142,CC044/Unc,2,69.02289613,146.4987502,42.63027294,19.74956761,47.24395356,0.010500995,0.083459425,0.025831089,0.006846266,0.001538876,0.035326702,0.022858769,0.155267365,0.026566272
jac_CC-143,CC044/Unc,4,70.93973262,105.2994991,67.59875558,66.82534117,127.7390756,0.006860042,0.035674602,0.017980498,0.00655333,0.00103353,0.025453334,0.029561059,0.087920361,0.017291256
jac_CC-144,CC044/Unc,12,21.02180564,7.614164675,68.03768809,57.22020959,,0.002047004,0.00717474,0.00450239,0.003705934,0.000131006,0.008097166,0.086328228,0.008683131,0.003848689
jac_CC-146,CC060/Unc,1,47.50641532,3.162159345,28.54513569,,,0.005917088,0.051422934,0.010976702,0.006596729,0.00027601,0.011465688,0.017533017,0.020280815,0.004188
jac_CC-147,CC060/Unc,2,45.90111848,91.99043119,36.21558187,31.62383964,191.2865482,0.008270293,0.074638317,0.015553346,0.000690085,0.000849445,0.056413817,0.037065299,0.045831498,0.01129747
jac_CC-148,CC060/Unc,4,48.67882556,233.1605783,74.62465323,34.35474492,274.4540941,0.005202694,0.051491061,0.013242686,0.001539745,0.00064419,0.015591396,0.007067616,0.031192045,0.004542009
jac_CC-149,CC060/Unc,12,21.11375896,76.52516771,64.72229515,,460.7708881,0.002325802,0.012996216,0.005010791,0.001087059,0.000231049,0.004498241,0.037363566,0.009210129,0.001931237
jac_CC-150,CC060/Unc,24,5.582131208,3.585717895,31.58960404,21.00132787,114.2017608,,,,,,,,,
jac_CC-152,CC075/Unc,1,44.12422181,107.831813,22.0028695,12.97557,114.3296045,0.012469295,0.204120654,0.034866352,0.00370305,0.001602858,0.029035064,0.018872207,0.08892929,0.011595647
jac_CC-153,CC075/Unc,2,29.19429997,56.6009075,23.95742952,43.61224016,,0.004067266,0.072808691,0.017880563,0.007210067,0.000590206,0.018827226,0.025386318,0.032796994,0.007153293
jac_CC-154,CC075/Unc,4,73.35694405,14.19191373,27.33084693,30.40843435,243.0950297,0.008749461,0.197770604,0.097824139,0.000293174,0.001914124,0.078269308,0.007925172,0.131054214,0.028000382
jac_CC-155,CC075/Unc,12,35.66300737,34.1335676,84.73318702,72.65186477,205.6591043,0.003597095,0.035449623,0.009586113,0.002600073,0.000641418,0.008606956,0.007150274,0.027779731,0.005863822
jac_CC-156,CC075/Unc,24,2.277341335,4.561492406,27.36998726,40.07115666,,,,,,,,,,
jac_CC-158,CC029/Unc,2,40.96601206,122.6706122,24.5273039,17.98180851,,0.006329644,0.391682327,0.024600908,0.009171765,0.002141839,0.003276861,0.054754903,0.110173853,0.043556824
jac_CC-159,CC029/Unc,4,53.04522952,34.22778829,28.55963246,26.15353248,,0.005113512,0.047088778,0.019817677,0.008371748,0.000351236,0.00580863,0.028789112,0.046754638,0.027635897
jac_CC-160,CC029/Unc,12,68.39840884,,51.79980139,53.15049506,182.5939113,0.002934247,0.020447768,0.00768355,0.007761343,0.000263512,0.002600269,0.074104173,0.01000765,0.019264513
jac_CC-161,CC046/Unc,1,81.41895359,124.7695303,31.03010804,,64.74229109,0.005350845,0.046501162,0.021379055,0.004540397,0.000577308,0.012956303,0.014698785,0.03504807,0.031623535
jac_CC-162,CC046/Unc,2,103.6300046,144.1941712,33.82351234,19.50982004,136.8613589,0.005190842,0.067080846,0.016900138,0.008433647,0.001203039,0.023539768,0.021644552,0.096189545,0.042049408
jac_CC-163,CC046/Unc,4,99.7665159,97.49598971,44.39014931,46.68822658,284.6618958,0.006092577,0.109488462,0.019310264,0.005914555,0.002212652,0.004730073,0.025257685,0.158660304,0.053252795
jac_CC-164,CC046/Unc,24,22.63630922,11.85187767,24.45919291,47.07920803,267.6064869,,,,,,,,,
jac_CC-167,CC043/GeniUnc,2,90.60501248,136.4556799,,28.44614831,149.9584416,0.004177942,0.036851624,0.117674324,0.003577285,0.000462503,0.015470212,0.011543337,0.056532853,0.16141825
jac_CC-168,CC027/GeniUnc,1,155.7881874,223.6359578,24.79404877,25.23281823,67.11521869,0.011964675,0.290111258,0.056803147,0.001326726,0.002794843,0.008614375,0.010975861,0.218845345,0.038945532
jac_CC-169,CC027/GeniUnc,2,83.95209778,168.2400867,34.22746057,16.49271274,62.73234216,0.008310296,0.144960979,0.025364896,0.007170204,0.002188497,0.02824923,0.018543521,0.219569628,0.019651877
jac_CC-170,CC027/GeniUnc,4,155.627711,148.0125959,24.10617813,27.49481445,,0.012890951,0.227819604,0.042714469,0.001043822,0.002056577,0.049213294,0.00243938,0.168419125,0.01943478
jac_CC-172,CC027/GeniUnc,24,7.117000401,4.121567792,26.45869615,37.65092665,,,,,,,,,,
jac_CC-174,CC020/GeniUnc,1,163.1722213,114.1007409,55.72371512,4.881052159,130.7168866,0.006052806,0.076476884,0.063924614,0.000259084,0.000966774,0.04856855,0.012704646,0.083776063,0.023812419
jac_CC-175,CC020/GeniUnc,2,88.40062645,106.3019745,81.8280064,53.32515265,8.867322796,0.004665469,0.038566977,0.043414767,0.002947252,0.000403451,0.037959389,0.012516451,0.027990251,0.0136458
jac_CC-176,CC020/GeniUnc,4,109.9857752,102.5711125,143.8583854,47.04306089,320.1245801,0.00550825,0.062933424,0.05892246,0.016840132,0.000988285,0.052450816,0.03101746,0.063513915,0.018888864
jac_CC-177,CC020/GeniUnc,12,10.23254732,5.896952458,66.82306283,27.1999567,258.9529713,0.001846638,0.004856623,0.006766552,0.004289176,9.66E-05,0.003613132,0.024534208,0.003335278,0.001842155
jac_CC-178,CC020/GeniUnc,24,1.980300952,0.48260869,45.63279589,10.38060422,,,,,,,,,,
,CC052/GeniUnc,1,,,,,,0.010252992,0.126656838,0.026184506,0.008229515,0.001129181,0.03977217,0.054496862,0.075858924,0.067106453
jac_CC-181,CC052/GeniUnc,1,132.6040031,120.78279,91.8390523,31.91260777,127.6524369,0.004383702,0.132080144,0.019642715,0.010940543,0.000725393,0.043013156,0.041467269,0.105470412,0.049154694
,CC052/GeniUnc,2,,,,,,0.006486963,0.121451249,0.020826811,0.016948974,0.000545691,0.026664255,0.046385169,0.07798963,0.043492995
jac_CC-184,CC052/GeniUnc,4,88.53334756,76.99798543,190.9664401,67.16822432,,0.005080664,0.03015272,0.013927356,0.002394757,0.000369819,0.017249598,0.031004258,0.038172153,0.026198765
jac_CC-185,CC052/GeniUnc,24,0.5838863,0.494025643,46.77042636,34.50710617,175.4015505,,,,,,,,,
jac_CC-187,CC056/GeniUnc,1,83.45184983,72.81100013,46.86520936,20.21140994,,0.004530601,0.050571635,0.026776442,0.025176453,0.000776627,0.022845762,0.088950301,0.027013817,0.031087375
jac_CC-188,CC056/GeniUnc,2,80.2559104,85.99494134,71.83789183,41.79239937,154.0422181,0.003014895,0.049726,0.018349541,0.004901376,0.000480035,0.020367925,0.010106414,0.028988507,0.018189005
jac_CC-189,CC056/GeniUnc,4,53.22981306,35.06096785,114.4385186,50.52776288,188.5773245,0.003653329,0.031598019,0.014797756,0.005157067,0.000403682,0.016483631,0.015410262,0.029955289,0.016147306
jac_CC-190,CC056/GeniUnc,12,120.6846762,79.51383363,108.6342538,59.75473833,504.2744753,0.003783809,0.058419681,0.009626681,0.006454139,0.001021005,0.031562532,0.012136631,0.018278718,0.011772755
jac_CC-191,CC056/GeniUnc,24,16.4475372,6.38173313,52.0224845,33.1237297,168.5407354,,,,,,,,,
jac_CC-193,CC043/GeniUnc,4,96.80981411,60.64362648,,90.8121231,346.2277494,0.006128263,0.053277301,0.004907944,0.012636371,0.001566986,0.019590841,0.02978109,0.039440734,0.011126504
jac_CC-194,CC043/GeniUnc,12,61.54797105,16.2722074,200.4680925,134.0999937,,0.002553405,0.024614646,0.002755948,0.009286668,0.000713056,0.005612842,0.0476318,0.010871247,0.004743528
jac_CC-195,CC001/Unc,1,107.3214257,271.1968998,69.21598933,33.26956777,157.7976498,0.003833921,0.057823567,0.009468297,0.06483217,0.001018934,0.027998016,0.076071026,0.039440429,0.01153034
jac_CC-196,CC001/Unc,2,136.5510833,120.0892546,94.15189913,58.4205543,122.293449,0.005647502,0.077967231,0.018911951,0.004859343,0.001739344,0.05310481,0.023737723,0.065645019,0.022090405
jac_CC-197,CC001/Unc,4,56.02324773,111.9309333,115.8700813,58.38801148,246.778006,0.003579601,0.034641923,0.009079517,0.026044045,0.000722303,0.023598228,0.077740804,0.03234567,0.009254213
jac_CC-198,CC001/Unc,12,67.26414824,41.36716106,146.1972236,109.8315926,215.6301805,0.002679382,0.014529903,0.00475292,0.001397502,0.000199276,0.007906796,0.003825801,0.01195279,0.002987667
jac_CC-199,CC001/Unc,24,5.841417708,3.277730324,145.7411038,68.74379985,300.9478132,,,,,,,,,
jac_CC-201,CC065/Unc,1,109.1899239,153.2399658,52.19030945,26.27358051,97.73091364,0.008063237,0.082186703,0.026050882,0.008041124,0.000490645,0.047369989,0.030668605,0.053182095,0.005917521
jac_CC-202,CC065/Unc,2,136.3019539,211.9557937,86.18284018,33.87863973,166.2173256,0.007325027,0.057965042,0.021334698,0.005771418,0.00062211,0.066654094,0.019598671,0.056300803,0.008862025
jac_CC-203,CC065/Unc,4,92.89004488,240.7414324,82.73971398,57.88004684,51.80561286,0.004935262,0.042918921,0.02178391,0.007072322,0.000542193,0.03790438,0.017411802,0.041444188,0.007089121
jac_CC-204,CC065/Unc,12,38.69259232,94.44404919,157.4207065,,227.9603647,0.002622246,0.012873744,0.005565303,0.006831277,0.000183122,0.014188897,0.032248501,0.014836803,0.003399544
jac_CC-205,CC065/Unc,24,102.7363354,40.58299402,86.14281218,43.86422293,239.4486893,,,,,,,,,
jac_CC-207,CC070/TauUnc,1,81.38223273,74.14437056,22.13600083,26.13291722,78.52906145,0.003908866,0.033584215,0.007376387,0.036812467,0.000327253,0.011708795,0.085080553,0.033548811,0.008809051
jac_CC-208,CC070/TauUnc,2,70.06505246,80.62883574,45.07736997,39.74436193,34.34696446,0.004070092,0.033393217,0.006943126,0.001253562,0.000562532,0.015652504,0.00281932,0.043465295,0.008100034
jac_CC-209,CC070/TauUnc,4,84.08080424,76.15346672,48.68705869,73.96204821,297.4518342,0.004229764,0.048109895,0.004781376,0.006238592,0.005845093,0.019149493,0.017884336,0.061245059,0.011193183
jac_CC-210,CC070/TauUnc,12,74.63534437,108.8042417,90.90146846,98.54827038,252.0731202,0.003283579,0.014967714,0.003691952,0.004447681,0.000282093,0.009276683,0.008140132,0.0164153,0.007345274
jac_CC-211,CC070/TauUnc,24,16.98098854,9.272438084,72.19841438,73.34768919,81.40527716,,,,,,,,,
jac_CC-213,CC005/TauUnc,1,132.9498979,131.2894387,27.68275771,18.86429056,,0.008083655,0.05814313,0.01589339,0.018677185,0.000784851,0.020896687,0.074935329,0.070062256,0.009498458
jac_CC-214,CC005/TauUnc,2,97.58712709,262.3905313,77.71767698,37.73850851,61.71712589,0.005967911,0.059684746,0.014315377,0.009894622,0.000531228,0.029603127,0.02581736,0.043897169,0.006063429
jac_CC-215,CC005/TauUnc,4,136.4819941,125.187125,64.0492416,57.87428851,53.51166522,0.0021504,0.040499951,0.009452081,0.001703872,0.000750636,0.025124644,0.005253798,0.049878015,0.005637062
jac_CC-216,CC005/TauUnc,12,46.10576956,61.24416111,374.9907051,82.44279837,268.6661614,,0.011837868,0.003574784,,0.000146538,0.005668839,,0.00980089,0.001671632
jac_CC-217,CC005/TauUnc,24,7.248718214,2.078599423,263.1976309,80.61471367,179.5396433,,,,,,,,,
jac_CC-219,CC072/TauUnc,1,127.478522,184.2854207,156.2456334,24.83254232,,0.002162848,0.060821394,0.011111298,0.003478006,0.001105953,0.033400882,0.009792958,0.06315832,0.021165487
jac_CC-220,CC072/TauUnc,2,127.3191828,302.2307549,168.0173305,27.32233866,65.54408726,,0.065637289,0.014599138,,0.00062576,0.031590507,,0.072975658,0.014138601
jac_CC-221,CC072/TauUnc,4,72.78925666,118.1173182,363.2539439,57.9958419,,0.001896765,0.055150024,0.007947466,0.001163575,0.000636111,0.019582833,0.003802371,0.036497805,0.009549183
jac_CC-222,CC072/TauUnc,12,56.52753853,17.03556826,423.5635234,121.2935826,346.3359774,0.00167827,0.015061602,0.00316732,0.000580647,0.000164543,0.006597589,0.001254533,0.008987597,0.004015518
jac_CC-223,CC072/TauUnc,24,8.831345547,1.510198747,161.2819151,78.25860375,125.7697358,,,,,,,,,
jac_CC-225,CC040/TauUnc,1,136.0341971,188.7801855,,25.4282983,103.8859967,0.002885526,0.100686883,0.015108178,0.004230068,0.000891786,0.070635488,0.016797035,0.109623207,0.045246442
jac_CC-226,CC040/TauUnc,2,64.27928522,,92.43219564,60.52808596,70.95769987,,0.044828773,0.008278995,,0.000752625,0.03479112,,0.052824493,0.018783391
jac_CC-227,CC040/TauUnc,4,124.1887297,223.883968,262.8939249,95.21939294,,0.007693769,0.127163809,0.013509012,0.015528951,0.00252641,0.029235356,0.038699246,0.064731525,0.024747101
jac_CC-228,CC040/TauUnc,12,83.16191477,65.99257243,455.8131412,170.120901,123.8892099,0.001819727,0.050576448,0.005191741,0.000969536,0.000981863,0.01616682,0.004113912,0.022058058,0.013111916
jac_CC-229,CC040/TauUnc,24,10.08797471,4.618326272,189.3438779,67.51058612,210.6245506,,,,,,,,,
jac_CC-231,CC071/TauUnc,1,121.7968895,76.05661764,143.878502,32.50163929,36.9555184,0.002655619,0.076408009,0.012734961,0.002206561,0.000746849,0.018859638,0.008942461,0.089251971,0.009334654
jac_CC-232,CC071/TauUnc,2,100.2792686,73.84810896,213.0810836,42.71003231,146.838631,,0.13131891,0.010907725,,0.000694187,0.024756145,,0.071176956,0.008042506
jac_CC-233,CC071/TauUnc,4,114.5059701,62.30076189,107.5793537,65.91628191,90.16986153,0.003130465,0.103176092,0.009664731,0.001150988,0.000604418,0.023774028,0.006738648,0.048535305,0.007659899
jac_CC-234,CC071/TauUnc,12,42.39966147,13.06804972,265.4421491,36.91029384,301.8841879,0.001642122,0.040447467,0.008851414,0.000321141,0.000330103,0.026484403,0.000998409,0.003879991,0.008046848
jac_CC-235,CC071/TauUnc,24,15.30031545,7.24450859,143.2691546,35.51148937,109.6178276,,,,,,,,,
jac_CC-237,CC042/GeniUnc,2,103.0635426,91.02271206,104.6935241,70.81479334,162.9068125,0.01249926,0.249517933,0.031718037,0.01325177,0.001800897,0.073858057,0.046976875,0.084198515,0.04516751
jac_CC-238,CC042/GeniUnc,4,61.78422838,54.24384487,60.16059705,83.43125436,37.67447424,0.002454969,0.147421954,0.016288695,0.001822415,0.000599144,0.044072746,0.006646913,0.062118546,0.019707805
jac_CC-240,CC006/TauUnc,2,151.6044047,79.7640492,32.81339901,38.2773642,142.7379659,0.002262208,0.164604606,0.017648406,0.00219475,0.00163622,0.060199515,0.007632971,0.080981031,0.015838168
jac_CC-241,CC006/TauUnc,4,163.5491942,95.1391165,66.48974604,68.04130862,,0.002891004,0.165746351,0.024935573,0.002981986,0.000713235,0.073308481,0.012820032,0.08460121,0.02055165
jac_CC-242,CC006/TauUnc,12,103.2999119,54.65707937,92.79715602,150.8781475,177.8756238,,0.064427083,0.010057126,,0.001287598,0.022595468,,0.022097533,0.007084743
jac_CC-243,CC035/Unc,2,169.231572,105.8132862,32.98857923,55.90493842,,0.003014519,0.147150328,0.007356397,0.003075255,0.003223155,0.036212368,0.009325484,0.04430022,0.008887479
jac_CC-244,CC035/Unc,12,23.29814926,12.69897909,24.07965698,88.0308035,,0.001568794,0.023300475,0.002276237,0.000525817,0.000459607,0.004402821,0.000791585,0.005628769,0.00116466
jac_CC-245,CC011,2,133.0661639,76.34755844,22.25432725,38.39300813,20.8940919,0.008261751,0.063007641,0.006531107,0.006395374,0.000872405,0.016948887,0.018088577,0.048384576,0.005882488
jac_CC-246,CC011,4,65.06368938,35.78355063,39.2229556,53.12138285,129.4837105,0.001795336,0.02657975,0.004009139,0.000589045,0.000265217,0.008408671,0.001596977,0.015296993,0.004192302
jac_CC-247,CC011,24,83.60910309,10.41556311,30.40258803,74.79127488,31.79766485,,,,,,,,,
jac_CC-249,CC013,24,21.98709082,5.970623176,70.80308569,103.6456766,157.5068061,,,,,,,,,
jac_CC-250,CC013,2,119.6765099,102.256566,46.88564092,51.84214561,106.7862858,0.002583471,0.231127442,0.016331354,0.003526871,0.001743322,0.051458417,0.0098752,0.099985235,0.026905523
jac_CC-252,CC019,1,194.0669737,173.0384852,14.67782672,17.9810024,84.78062583,0.002592203,0.107094234,0.011779071,0.001434783,0.001041293,0.038541967,0.005686582,0.092370311,0.00692642
jac_CC-253,CC019,2,121.2637232,119.3442986,19.95089582,31.73266302,38.20722368,0.002573312,0.068293022,0.008081151,0.000727445,0.000560977,0.019416581,0.0046641,0.04837062,0.004714469
jac_CC-254,CC019,4,139.6472403,127.5378781,64.64504717,69.72317552,17.26161761,0.002229507,0.110062885,0.012042326,0.000859864,0.001021544,0.031759756,0.002955131,0.050551245,0.007620466
jac_CC-255,CC019,24,5.373336009,3.253181062,63.07545471,98.29582401,15.13667689,,,,,,,,,
jac_CC-257,CC061,2,208.5722954,,21.96754872,42.16141893,53.38933531,0.008112441,0.080619622,0.008594932,0.006783788,0.000685227,0.01321133,0.010842935,0.022433528,0.009524379
jac_CC-258,CC061,4,194.5296864,61.6585692,69.97933772,79.73838783,106.6677852,0.008559759,0.051505809,0.01106096,0.004025877,0.00036876,0.01399877,0.007703576,0.016465991,0.009257978
jac_CC-259,CC061,24,46.66727843,12.69424589,35.17072318,53.63610453,107.3747976,,,,,,,,,
jac_CC-261,CC063,2,175.9804387,110.801275,38.24097195,36.6374573,23.52804049,0.002408597,0.05844116,0.014672515,0.002263332,0.000942695,0.037060601,0.005975156,0.083611639,0.025955613
jac_CC-262,CC063,4,133.0622232,155.4780851,50.81264217,101.2304047,,,0.030351433,0.011117002,,0.000569131,0.026783487,,0.050039987,0.035619008
jac_CC-263,CC063,24,9.043751549,4.404871827,40.86987438,55.10946749,33.28580225,,,,,,,,,
